Date,"Electric power sector net generation from biomass, United States, Monthly (billion kilowatthours)","Electric power sector net generation from coal, United States, Monthly (billion kilowatthours)","Net energy for electricity load, United States, Monthly (billion kilowatthours)","Electric power sector net generation from geothermal, United States, Monthly (billion kilowatthours)","Electric power sector net generation from pumped storage hydropower, United States, Monthly (billion kilowatthours)","Electric power sector net generation from conventional hydropower, United States, Monthly (billion kilowatthours)","Electric power sector net generation from natural gas, United States, Monthly (billion kilowatthours)","Electric power sector net generation from nuclear, United States, Monthly (billion kilowatthours)","Electric power sector net generation from other nonrenewable fuels, United States, Monthly (billion kilowatthours)","Electric power sector net generation from other gases, United States, Monthly (billion kilowatthours)","Electric power sector net generation from petroleum, United States, Monthly (billion kilowatthours)","Electric power sector net generation from renewable energy (all types), United States, Monthly (billion kilowatthours)","Electric power sector net generation from utility-scale solar, United States, Monthly (billion kilowatthours)","Total electric power sector net generation by all energy sources, United States, Monthly (billion kilowatthours)","Electric power sector net generation from wind, United States, Monthly (billion kilowatthours)","Retail Price of Electricity for All Sectors, U.S. Total, Monthly (cents per kilowatt hour)","Electric Power Sector Geothermal Net Summer Capacity, Monthly (megawatts)","Electric Power Sector Conventional Hydroelectric Net Summer Capacity, Monthly (megawatts)","Electric Power Sector Waste Biomass Net Summer Capacity, Monthly (megawatts)","Electric Power Sector Large-Scale Solar Net Summer Capacity, Monthly (megawatts)","Electric Power Sector Wind Net Summer Capacity, Monthly (megawatts)","Electric Power Sector Wood Biomass Net Summer Capacity, Monthly (megawatts)"
12/1/2020,1.862813,70.54828,326.5772,1.512993,-0.4967843,23.82805,116.4394,72.54646,0.6400744,0.4282274,1.589645,64.88192,5.012265,326.5772,32.6658,10.4051,2514,79790,4066.7,49180.6,120971.8,2888.8
11/1/2020,1.638054,55.38093,292.8734,1.431412,-0.3362503,20.8467,111.2597,66.10233,0.6059942,0.3174382,1.562592,57.98058,5.924216,292.8734,28.14019,10.57496,2489,79757.5,4064.7,45311.7,113336.6,2846.8
10/1/2020,2.264039,57.85693,306.356,1.337518,-0.4427587,19.6324,126.3004,61.42273,0.6135748,0.1565619,1.32614,59.12239,7.522503,306.356,28.36593,10.57964,2489,79757.5,4065.8,44607.8,112330.4,2846.8
9/1/2020,1.954046,63.53742,318.2363,1.379625,-0.6201889,18.59246,136.5059,63.85781,0.3278628,0.3457144,1.804214,52.47764,8.97682,318.2363,21.5747,10.81302,2489,79695,4065,43774.8,110940.4,2846.8
8/1/2020,2.114324,93.90338,388.0824,1.376648,-0.7527236,21.51756,162.1831,70.26038,0.4904781,0.413946,1.889336,59.6945,9.742568,388.0824,24.9434,11.12406,2399.1,79702.5,4065,43176.8,109319.9,2846.8
7/1/2020,2.743599,95.48453,392.1185,1.423992,-0.6045021,25.5249,159.4306,70.31618,0.6028487,0.3944831,1.54288,64.95148,10.50513,392.1185,24.75386,11.09618,2399.1,79691.3,4065,43106.4,109096.5,2846.8
6/1/2020,2.520864,74.37626,340.0469,1.2953,-0.3678594,28.30161,129.3603,66.55843,0.5893815,0.3640818,1.355302,67.81103,10.05315,340.0469,25.64012,10.85273,2399.1,79580.3,4065,42556.4,108853.7,2846.8
5/1/2020,2.594504,67.14382,314.0588,1.343222,-0.340884,27.88508,111.9604,62.46475,0.6007649,0.3280137,1.51786,70.38403,8.681247,314.0588,29.87998,10.45436,2399.1,79577.6,4129,39795.6,108653.7,2846.8
4/1/2020,2.127727,53.07828,281.0278,1.251624,-0.1525253,24.75123,97.31685,56.65998,0.5313238,0.3921896,1.196753,72.00496,7.967502,281.0278,35.90687,10.33851,2399.1,79569.6,4129,39434.1,108403.7,2846.8
3/1/2020,2.206042,76.74843,307.8979,1.459827,-0.4606111,24.2733,99.9102,65.6114,0.5603849,0.3847381,1.144015,63.99934,7.076837,307.8979,28.98333,10.3613,2399.1,79568.2,4131,38918.9,107844.5,2846.8
2/1/2020,2.206626,72.65324,309.7294,1.364561,-0.3456888,25.80347,106.1208,66.38378,0.5448342,0.3264116,1.910601,62.13534,4.961353,309.7294,27.79933,10.41183,2399.1,79440.4,4131,38436.9,107321.5,2846.8
1/1/2020,2.444041,92.77205,341.0772,1.443169,-0.3224924,25.79234,109.6208,73.30492,0.6279616,0.3848718,1.957439,62.73165,4.413539,341.0772,28.63856,10.30594,2399.1,79394.6,4131,38400.9,107002.7,2846.8
12/1/2019,1.888586,78.53233,327.8104,1.529725,-0.4967296,22.85965,116.6115,73.0561,0.6512985,0.3835854,1.569727,57.50259,3.777919,327.8104,27.44671,10.25708,2399.1,79410.5,4131,37320.3,106241.3,2846.8
11/1/2019,1.764602,63.43129,292.9156,1.550896,-0.3450803,20.78818,107.3205,65.11869,0.6160774,0.2960468,1.571643,54.9064,4.656701,292.9156,26.14602,10.43416,2399.1,79490.3,4103.5,35198.9,100822.5,2846.8
10/1/2019,2.396545,68.32957,306.8967,1.389165,-0.4739877,20.7227,120.1442,62.17264,0.6086715,0.1581581,1.458057,54.49938,5.989832,306.8967,24.00114,10.46704,2399.1,79477.3,4101.9,34873,100406.2,2846.8
9/1/2019,2.100022,88.32459,343.5172,1.304915,-0.6466165,20.92766,135.2247,65.84727,0.3256327,0.3554151,1.880829,52.20536,7.066358,343.5172,20.80641,10.69525,2399.1,79433.8,4101.9,34494,100129.8,2846.8
8/1/2019,2.102103,105.5801,396.4376,1.373647,-0.7994424,20.91485,164.2253,71.4981,0.4908289,0.4204942,1.901299,53.12096,7.578059,396.4376,21.1523,10.98163,2399.1,79482.7,4115.4,33714.1,99042.6,2936.1
7/1/2019,2.659965821,100.4029571,396.9110088,1.42607739,-0.622347,22.80860869,164.7890781,72.198595,0.618223898,0.404280828,1.595532032,57.52468877,8.182785723,396.9110087,22.44725115,11.06,2399.1,79586.4,4117.2,33269.9,98269,2820.1
6/1/2019,2.500330287,78.02479259,338.7388833,1.370650885,-0.385296,26.22733919,128.3338901,68.804879,0.599222884,0.344190481,1.405163149,61.61204118,8.139908936,338.7388834,23.37381188,10.8,2399.1,79587,4114.2,33039.3,97993.4,2820.1
5/1/2019,2.593267013,71.44675506,315.3707478,1.344685459,-0.368281,29.9390383,107.1035464,67.123546,0.616485851,0.337731683,1.562439093,67.54852465,7.226160077,315.3707478,26.44537381,10.43,2399.1,79576.9,4131.7,32729.5,96749.3,2820.1
4/1/2019,2.207579923,59.56569945,282.694696,1.287762236,-0.103221,25.31588609,94.77514744,60.580927,0.537095883,0.336852348,1.12200372,65.88019109,6.885311053,282.6946959,30.18365178,10.31,2348,79606.4,4133.1,32668.3,96519.8,2835.1
3/1/2019,2.414065048,77.88250424,310.0303571,1.435482215,-0.408942,25.28739358,104.0915132,65.079691,0.56045913,0.376742339,1.344884267,61.10350486,5.958705715,310.030357,26.0078583,10.38,2391.2,79471.4,4133.1,32581.3,96441.8,2835.1
2/1/2019,2.395563127,79.42480718,300.928388,1.298224142,-0.388719,21.93190374,102.3348739,64.714894,0.531752519,0.373143547,1.416079281,52.52155667,3.874592036,300.9283881,23.02127363,10.43,2391.2,79500.4,4167.9,32364.5,95662.2,2918.1
1/1/2019,2.697260593,100.3642522,343.6791499,1.413933292,-0.323009,24.4284253,109.6306195,73.700844,0.615472999,0.377035852,2.020561678,57.29337264,3.616491777,343.6791499,25.13726168,10.29,2391.2,79577.9,4167.9,32165.7,95196.2,2918.1
12/1/2018,2.562532103,96.17249896,323.4979608,1.501897966,-0.522071,23.57562965,98.00115968,71.657288,0.632813155,0.341674037,1.61934871,55.59524917,3.156087018,323.4979607,24.79910243,10.27,2394.9,79582.8,4167.9,31510.2,94273.4,2965.2
11/1/2018,2.487226581,92.40693312,309.0381303,1.397307186,-0.342707,22.03240194,98.29574915,63.947652,0.611200396,0.29846702,1.554880385,52.26595521,3.918226392,309.0381303,22.43079311,10.43,2392.2,79586.5,4167.9,30085.4,90389.8,2965.2
10/1/2018,2.520732265,86.88055035,312.6181,1.3467776,-0.492202,18.65238012,115.7906691,59.396905,0.610426026,0.258896921,1.3658668,48.8069878,5.16540256,312.6181,21.12169526,10.46,2392.2,79464.5,4170.3,29553.5,90138.5,3020.2
9/1/2018,2.437594845,96.1205424,343.5483828,1.387974561,-0.603113,18.54730593,134.1472227,64.724753,0.361060245,0.318692417,1.756778193,46.72244678,6.392994313,343.5483827,17.95657714,10.7,2392.2,79464.5,4171.4,29384.7,89801.2,3020.2
8/1/2018,2.69606906,114.5537526,393.7237702,1.428735731,-0.747235,21.27700219,153.1269152,72.282467,0.500111743,0.392788996,1.803188499,51.81178125,6.899564441,393.7237702,19.51040983,11.02,2392.2,79464.5,4171.4,29071.7,89331.2,3020.2
7/1/2018,2.746065593,114.8106159,398.4726044,1.435755583,-0.644469,23.8824236,158.1577391,72.456009,0.650101978,0.36300973,1.759580158,50.92001747,6.860705378,398.4726043,15.99506731,11.03,2392.2,79464.5,4175,28992.8,89249.2,3038.7
6/1/2018,2.731991169,100.8729988,359.1052608,1.3691055,-0.433324,27.81760862,122.3240625,69.687556,0.641598642,0.330153603,1.698610975,63.98360424,7.712086137,359.1052607,24.35281281,10.79,2392.2,79466.7,4182.1,28854.4,89092.3,3038.7
5/1/2018,2.596618417,84.66001487,326.7098107,1.434314982,-0.390083,30.2832258,107.9601067,67.320248,0.579164389,0.359986053,1.333095413,64.88727817,6.995399234,326.7098106,23.57771974,10.41,2392.2,79466.7,4207.7,28692.1,88943.3,3038.7
4/1/2018,2.363760773,72.7693463,289.2278184,1.245939538,-0.376898,27.34586416,91.45597063,59.133155,0.576629975,0.333883412,1.441949029,63.89378199,6.183496957,289.2278183,26.75472056,10.23,2392.2,79505.7,4209.7,28265,88943.3,3038.7
3/1/2018,2.754011441,79.91033046,308.1226387,1.414088769,-0.489962,25.80571267,96.97473157,67.032656,0.618921797,0.345943984,1.352066887,62.37795001,5.151089846,308.1226387,27.25304728,10.4,2392.2,79505.7,4209.7,27996.6,88643.3,3038.7
2/1/2018,2.655190253,81.22641169,293.7202638,1.325707339,-0.315144,25.3988631,88.16928514,64.79003,0.589143061,0.325874166,1.412696711,57.52196696,4.072163221,293.7202637,24.07004305,10.48,2403.5,79505.7,4209.7,27472.1,88643.3,3038.7
1/1/2018,2.8831708,118.1509143,360.4680326,1.407407734,-0.547331,25.46159361,101.254137,74.64904,0.622091602,0.328682095,6.049697832,59.96080077,3.374642049,360.4680326,26.83398658,10.47,2403.5,79493.7,4232.1,27372.9,88418.8,3038.7
12/1/2017,2.849888616,105.8603457,339.5477607,1.570927818,-0.655925,22.25498858,102.4567889,73.699572,0.635871125,0.383356612,2.582004886,54.58574652,3.357516499,339.5477608,24.55242501,10.17,2485.6,79431.6,4234.1,26432.1,87488.4,3079.3
11/1/2017,2.658210271,90.34725995,297.5853696,1.289257014,-0.478107,20.42085173,86.81918247,66.617853,0.584720246,0.352291227,1.542535607,51.79963406,3.3723609,297.5853696,24.05895414,10.28,2448.6,79434.3,4240.8,25020.3,85322.1,3084.8
10/1/2017,2.519247377,89.11428066,307.7602962,1.229009276,-0.462982,18.17077973,98.82569133,65.994785,0.562034129,0.326487794,1.427025609,51.97297364,4.770995076,307.7602962,25.28294218,10.4,2448.6,79437.3,4240.8,24466.8,84358.2,3084.8
9/1/2017,2.509316067,97.56037914,323.4003135,1.29696128,-0.606081,18.97778278,110.2191367,68.097918,0.557642772,0.345600827,1.542843639,45.68287333,5.058994662,323.4003134,17.83981854,10.86,2448.6,79437.3,4240.8,24134.3,84109.2,3084.8
8/1/2017,2.77892659,118.8099774,370.3871859,1.34503154,-0.638234,21.74062848,132.3758273,72.384218,0.635783087,0.359797626,1.609650956,44.85016566,5.374119394,370.3871861,13.61145965,10.91,2448.6,79437.3,4240.8,23928.1,83860,3084.8
7/1/2017,2.751855474,127.0187279,390.2038333,1.355400126,-0.759494,26.36280581,137.8406575,71.314219,0.625728216,0.36901887,1.68688623,52.10808971,5.689862693,390.2038334,15.9481656,10.95,2448.6,79393.8,4240.8,23736.8,83860,3084.8
6/1/2017,2.60795449,106.8253112,344.6175237,1.213937228,-0.567516,30.08281338,108.8327063,67.010782,0.593987971,0.323786581,1.792790211,59.80567532,6.109493912,344.6175235,19.79147631,10.83,2448.6,79343.2,4237.6,23624.1,83378,3031.3
5/1/2017,2.531220704,92.14144773,309.7623378,1.283457019,-0.423168,32.20510499,90.0206655,61.312753,0.585566938,0.350290072,1.720070352,64.0547122,5.60548598,309.7623378,22.42944351,10.34,2448.6,79335.9,4223.1,23415,83222.9,3031.3
4/1/2017,2.439420752,80.74274249,281.8922714,1.336791833,-0.438729,29.22111529,80.57837131,56.743352,0.553127341,0.299969949,1.179028071,62.23440919,4.646102788,281.8922714,24.59097852,10.07,2448.6,79335.9,4224.1,23113.5,83070.4,3031.3
3/1/2017,2.760227275,88.68757528,304.996281,1.384512662,-0.521035,29.12596426,86.85543485,65.0932,0.565374066,0.358087573,1.518916399,62.43872781,4.200165455,304.996281,24.96785816,10.28,2448.6,79335.9,4202.1,22590.8,82919.2,3031.3
2/1/2017,2.483653565,86.15786313,277.5480459,1.238879219,-0.507911,23.51295013,75.04460492,63.560371,0.552937313,0.308383348,1.491014476,50.94078264,2.526393759,277.5480458,21.17890596,10.28,2508.6,79333.5,4193.7,22205.7,81841.4,3031.3
1/1/2017,2.83509272,114.5720208,329.7512631,1.38259964,-0.435366,26.63512453,86.88489295,73.120612,0.627354587,0.349367258,1.946636397,52.68574507,2.011370711,329.7512631,19.82155747,10.13,2508.6,79333.5,4195.3,22017.8,81592.3,3031.3
12/1/2016,2.862061952,117.9547727,332.0443951,1.453883633,-0.752869,22.39033726,88.08760705,71.662429,0.648926886,0.317825094,1.908433912,52.21726933,2.388966943,332.044395,23.12201955,10.09,2516.6,79556.2,4190.3,21630.6,81198,3165.6
11/1/2016,2.643280432,86.27530951,284.2824502,1.363849687,-0.606895,18.72148734,85.90678077,65.178776,0.59466804,0.351304457,1.736662591,44.84584381,2.72940605,284.2824502,19.3878203,10.1,2516.6,79556.2,4192.9,18633.8,76265.7,3206.7
10/1/2016,2.357209583,98.4737711,300.0733697,1.353167417,-0.56077,17.22936154,94.75413978,60.733343,0.584495041,0.234491639,1.449616313,44.40428275,3.146603285,300.0733696,20.31794093,10.15,2516.6,79556.2,4173.5,17919,75388.8,3206.7
9/1/2016,2.64233898,113.3469682,338.2598799,1.32667585,-0.71535,16.27891753,117.1967357,65.448176,0.592324631,0.346485526,1.821748546,40.22279139,3.584179245,338.2598799,16.39067979,10.68,2516.6,79549.7,4169.2,17506.5,74755.9,3199.6
8/1/2016,2.869760181,134.7624285,395.3284976,1.324263643,-0.902068,19.45800999,145.6100922,71.526405,0.650153002,0.331935715,2.210282755,41.13926832,3.908405094,395.3284975,13.57882942,10.81,2516.6,79549.7,4165.2,16740.3,74632.9,3199.6
7/1/2016,2.776678975,135.4200535,397.6347069,1.311215298,-0.783894,21.33666655,142.5579962,70.349347,0.643833621,0.345504972,2.185717555,46.91614802,3.886477147,397.6347069,17.60511006,10.7,2516.6,79653.5,4159.8,15805.6,74629.5,3217.6
6/1/2016,2.610058077,115.1966963,354.4449807,1.251392659,-0.497303,23.12548685,123.0428462,67.175324,0.634821196,0.350874757,1.847226017,46.69449513,3.41772618,354.4449806,16.28983137,10.52,2516.6,79528.6,4158.2,15080.5,74187.9,3217.6
5/1/2016,2.532405565,80.93470461,303.8792658,1.341840417,-0.320717,25.35541085,102.4819012,66.576493,0.642651614,0.313311146,1.814272303,51.43664889,3.375002522,303.8792658,18.83198953,10.06,2516.6,79499.3,4150.3,14866.5,73767.5,3217.6
4/1/2016,2.384354705,71.4191296,280.5475081,1.208969835,-0.451878,25.73488754,91.25734785,62.731845,0.588130142,0.317436175,1.745209508,52.94028781,2.831114566,280.5475081,20.78096116,9.83,2516.6,79499.3,4149.5,14745.7,73493.7,3217.6
3/1/2016,2.625215033,71.34575384,291.261688,1.315158662,-0.384067,27.22564454,95.84873654,66.148894,0.590493936,0.360085929,1.69520859,55.6565821,2.570771614,291.2616879,21.91979225,10,2516.6,79461.9,4125.7,14271.6,73331.4,3217.6
2/1/2016,2.607369856,91.90915241,301.1216053,1.243383806,-0.398558,24.00582858,90.84942999,65.638141,0.569901548,0.298954697,2.079020806,50.17556274,2.200545817,301.1216052,20.11843469,10,2516.6,79432.6,4127,14064.8,72972.8,3217.6
1/1/2016,2.692290326,112.6239598,339.2000532,1.332006093,-0.311758,25.46388334,101.7862181,72.524775,0.622320437,0.344221686,2.217070608,49.39324563,1.458181828,339.2000533,18.44688404,9.97,2516.6,79375.6,4127,13920.1,72972.8,3217.6
12/1/2015,2.874058797,88.62173039,310.4233766,1.376988468,-0.280702,23.01651461,101.0218139,69.633664,0.655513234,0.303604051,1.574777312,48.89297567,1.545250887,310.4233766,20.08016291,9.98,2541.5,79385.5,4165.3,13374.2,72486.3,3065.3
11/1/2015,2.72203987,86.3619604,287.5509913,1.333628251,-0.285276,19.20196663,94.13229694,60.263941,0.638944964,0.234141948,1.582662509,44.62231954,1.701543551,287.5509913,19.66314124,10.05,2541.5,79363.5,4173.3,12003.6,70128,3065.3
10/1/2015,2.555645064,95.87151017,299.1681391,1.323032225,-0.443327,16.51324172,102.0217728,60.570921,0.630656563,0.228593853,1.65716486,38.63084691,1.875397112,299.1681391,16.36353079,10.31,2541.5,79363.5,4176.2,11571.6,69888.2,3115.3
9/1/2015,2.681921101,117.0054067,336.6176151,1.202861446,-0.544042,16.01509233,114.7916581,66.476372,0.620026292,0.330870453,1.898749216,36.03857444,2.177749511,336.6176151,13.96095005,10.79,2539.7,79363.5,4176.2,11465.1,69003.3,3115.3
8/1/2015,2.996221874,133.6512849,377.856339,1.344142712,-0.625878,19.02951757,130.3141677,72.415352,0.677330768,0.331482668,2.013179588,39.07941936,2.639367818,377.856339,13.07016939,10.85,2523.5,79362.5,4174.4,11361.3,68694.8,3158.3
7/1/2015,3.003886756,138.0604864,385.889462,1.356727116,-0.513417,20.89590101,132.2658895,71.412176,0.666822525,0.310544362,2.185418504,41.50154172,2.579470656,385.889462,13.66555618,10.95,2523.5,79466.3,4174.4,11130.7,67101.2,3158.3
6/1/2015,2.71683318,124.6771175,349.0673364,1.301607671,-0.397811,20.29661997,113.3901009,68.516165,0.623694264,0.298568061,1.722847967,40.23665364,2.512026639,349.0673363,13.40956617,10.64,2523.5,79466.3,4149.4,11054.8,66798.6,3158.3
5/1/2015,2.575483346,103.6715685,309.5521315,1.390150942,-0.370209,19.99542834,94.12396116,65.826525,0.614949951,0.338099079,1.793702211,43.55353449,2.456089069,309.5521314,17.1363828,10.21,2523.5,79345.8,4149.4,10783.9,66533.7,3158.3
4/1/2015,2.42644426,88.14696603,282.1972707,1.272427822,-0.214411,22.3305349,85.82766624,59.784495,0.574958493,0.289744722,1.570168965,46.21768221,2.337816201,282.1972707,17.85045903,10.01,2523.5,79342.8,4149.4,10590.2,66253.7,3158.3
3/1/2015,2.620497505,107.4710039,311.7405592,1.393994352,-0.409305,24.14799097,92.11033463,64.546799,0.558168864,0.326755646,1.644007451,45.4927948,2.037340199,311.7405593,15.29297177,10.29,2523.5,79342.8,4151.5,10523.9,65227.8,3158.3
2/1/2015,2.494953045,126.0235682,322.4726924,1.260099135,-0.45606,22.17886926,84.2069289,63.461493,0.533539986,0.328736025,6.073586506,42.30089964,1.459339741,322.4726923,14.90763846,10.36,2523.5,79342.8,4147.3,10478.3,65129.8,3158.3
1/1/2015,2.717756274,131.4306962,346.7578017,1.36191486,-0.55105,24.01401491,93.4496165,74.269974,0.601294756,0.39429207,2.788886477,44.37409155,1.134149867,346.7578016,15.14625564,10.18,2493.5,79342.8,4140.9,10324.5,65129.8,3158.3
12/1/2014,2.778670422,123.5607315,324.1925756,1.374999307,-0.479861,22.20151857,82.76611021,73.362548,0.636113518,0.36346887,1.921100003,42.06236443,1.010708212,324.1925756,14.69646792,10.12,2514.3,79376.6,4225,10092.2,64155.6,2936.9
11/1/2014,2.703527104,118.1175484,304.7380008,1.362469191,-0.531042,18.52386802,76.71061955,65.140185,0.633908279,0.301603063,1.576886024,42.78829237,1.350915792,304.7380007,18.84751226,10.13,2514.3,79369.1,4221.2,9191,61904.5,2936.9
10/1/2014,2.630935739,110.3221859,301.846823,1.345091017,-0.447609,17.06346753,90.05341246,62.390988,0.613872195,0.334351995,1.36793735,37.21168407,1.679930864,301.846823,14.49225891,10.34,2514.3,79369.1,4215.5,8761,61554.6,2936.9
9/1/2014,2.726333473,125.0616923,326.7559992,1.307519334,-0.541876,15.98580215,98.69015801,67.5345,0.611264924,0.298069888,1.777294673,33.32489543,1.795426594,326.7559992,11.50981388,10.83,2514.3,79353.2,4217.6,8410.6,61469.4,2890.4
8/1/2014,2.897197277,147.3289905,370.3042048,1.329208806,-0.840357,19.70847874,113.9097928,71.128746,0.65326452,0.315163173,1.872887133,35.93571766,1.838701255,370.3042048,10.16213158,10.91,2514.3,79353.2,4217.6,8304,61399.9,2890.4
7/1/2014,2.94849073,148.4721869,371.8173499,1.319571923,-0.544656,24.26493721,106.69552,71.940126,0.646086176,0.282971775,1.867476221,42.45763888,1.748222414,371.81735,12.1764166,11.03,2514.3,79464,4192.4,7905.3,60683,2890.4
6/1/2014,2.807722681,136.4698158,344.9883339,1.293375048,-0.653046,25.64048136,90.90246318,68.138232,0.617728268,0.257421763,1.845143768,47.41057506,1.88278892,344.9883339,15.78620705,10.75,2514.3,79464,4185.4,7763.1,60304,2890.4
5/1/2014,2.526594439,117.7383777,312.0715818,1.332360812,-0.600752,26.4103806,81.6448707,62.94743,0.618681955,0.282722244,1.870214254,47.57003703,1.710133546,312.0715819,15.59056764,10.21,2514.3,79340.8,4182.5,7567.8,60294.3,2890.4
4/1/2014,2.505754241,108.2786788,285.4530962,1.313534635,-0.378109,25.30951102,69.58334555,56.384588,0.567655265,0.230624351,1.583357699,49.20295548,1.452902234,285.4530961,18.62125335,10,2514.3,79338.4,4179.5,7397,60076,2890.4
3/1/2014,2.805109868,135.2902348,318.9140847,1.337665648,-0.421403,24.13877111,70.51728619,62.39708,0.62725817,0.214778871,2.998752039,47.29009768,1.286460332,318.9140848,17.72209072,10.28,2514.3,79330.4,4169.6,7176.9,60076,2890.4
2/1/2014,2.534575014,142.217613,312.2758204,1.206129748,-0.445152,17.28894277,68.72963183,62.63895,0.506040773,0.210834417,2.577787081,35.84011515,0.813911611,312.2758202,13.99655601,10.33,2514.3,79354.4,4161.3,6923.2,60026,2890.4
1/1/2014,2.763356148,155.9163032,363.6454017,1.355015531,-0.289685,21.5100506,82.96911492,73.162609,0.57983174,0.266090292,6.78405278,44.25708479,0.734034941,363.6454017,17.89462756,10.12,2514.3,79343.2,4155.9,6772,59931.4,2890.4
12/1/2013,2.679666372,140.7026791,338.7477582,1.365619489,-0.420673,20.80303951,84.2890525,71.293578,0.628736298,0.355614388,2.269884164,39.62888695,0.825753513,338.7477584,13.95480807,9.86,2607,78521.7,4123.7,6421.9,59922.5,2878.9
11/1/2013,2.541115155,119.8576098,301.2873258,1.230481047,-0.413042,17.46853101,76.36652131,64.975456,0.60956301,0.366519258,1.695943114,37.82875528,0.79863097,301.2873258,15.78999709,9.79,2550.4,78513.5,4104.6,5573.6,59406.9,2727.6
10/1/2013,2.432776891,119.9426222,301.7822393,1.363499258,-0.372598,16.9579707,80.87184231,63.183533,0.608205215,0.404629407,1.808588284,35.3354169,0.954477935,301.7822393,13.62669212,10.02,2550.4,78390.6,4097.1,4824.4,59212.2,2528.2
9/1/2013,2.480252439,132.0467678,327.6380937,1.299299656,-0.43855,16.71915439,94.19340987,65.798971,0.609508547,0.372785205,1.971739206,33.08346194,0.916882281,327.6380936,11.66787317,10.43,2550.4,78371.9,4094.8,4182.7,59129.4,2528.2
8/1/2013,2.696243147,148.2883981,370.94302,1.322436443,-0.46451,21.38940308,112.60319,71.344379,0.647486483,0.376359048,2.196618463,35.95109879,0.913538986,370.9430199,9.629477138,10.58,2550.4,78374.9,4090.6,4102,59106.3,2540.2
7/1/2013,2.542880361,151.6531448,380.1082326,1.336882218,-0.340468,26.92915506,111.9589045,70.539238,0.667024288,0.380894222,2.553012058,42.69648275,0.799389579,380.1082326,11.08817554,10.69,2550.4,78366.7,4088.1,3962.5,59106.3,2540.2
6/1/2013,2.396694668,137.1601451,343.2862209,1.278254467,-0.358223,27.05111255,91.67151006,66.42969,0.629349934,0.348538367,2.098347773,45.30686259,0.839249726,343.2862208,13.74155118,10.45,2550.4,78342.1,4082.6,3877.4,59104.5,2540.2
5/1/2013,2.37000929,118.3797249,309.0276635,1.307711404,-0.334035,28.11762405,76.24390598,62.848155,0.625271153,0.367402963,2.148600345,48.74863808,0.723667379,309.0276634,16.22962596,9.92,2550.4,78330.8,4076.4,3638,59104.5,2540.2
4/1/2013,2.133311702,110.7862439,286.8066134,1.274158262,-0.292192,24.84249905,70.62638817,56.766882,0.570436473,0.322021358,1.668735915,46.35809757,0.639868835,286.8066134,17.46825972,9.66,2550.4,78331.1,4059.2,3582.5,59104.5,2540.2
3/1/2013,2.433725902,129.4692404,311.8279448,1.378216279,-0.462214,20.22772401,76.7649795,62.947389,0.627599707,0.318032078,1.779261283,40.38365682,0.59628674,311.8279448,15.74770389,9.71,2536.4,78381.4,4061.2,3405.6,59104.5,2486.7
2/1/2013,2.122529231,122.4836963,297.1984798,1.236235274,-0.31958,20.05115693,72.96984616,61.483385,0.543761123,0.324649959,1.817759017,37.89496216,0.416871761,297.1984797,14.06816896,9.77,2547.4,78315.3,4045.7,3312.7,59104.5,2486.7
1/1/2013,2.391274696,136.9522239,335.0617333,1.381880283,-0.464948,24.50107607,80.38922332,71.405817,0.589972093,0.384800735,2.501173624,43.30347078,0.299864069,335.0617334,14.72937566,9.64,2547.4,78304.2,4039.7,3212.1,59104.5,2486.7
12/1/2012,2.44599044,132.9230259,320.996338,1.390249192,-0.576267999,22.79610886,75.9335303,68.583669,0.654788837,0.253194517,1.737013151,41.48703942,0.338690746,320.9959931,14.51600019,9.64,2592.1,78073.7,3977.8,3062.9,59036.3,2252.7
11/1/2012,2.299726168,127.6477597,293.046324,1.347051708,-0.408968027,18.51869145,72.60139374,56.712757,0.625583932,0.211251004,1.514530413,34.14283906,0.335153936,293.0471469,11.6422158,9.58,2586.2,78050.9,3995.5,2444.5,53950.4,2228.1
10/1/2012,2.297808602,119.9524883,298.9051012,1.329149202,-0.378213235,16.30717051,84.20704844,59.743218,0.623075981,0.224996245,1.555922844,32.97775478,0.415014751,298.9062913,12.62861172,9.74,2574.4,78052,3939.9,2355.1,52280.4,2228.1
9/1/2012,2.311129677,124.4959299,321.5860632,1.299982795,-0.430543796,17.44316546,100.2670299,64.510882,0.637487846,0.231715993,1.595358262,30.27863554,0.43898626,321.5864957,8.78537134,10.26,2574.4,78052,3928.1,2205.6,51438.5,2228.1
8/1/2012,2.491815379,150.9409926,381.4936269,1.303838634,-0.528912095,22.8797705,123.1595218,69.602111,0.647094998,0.266104929,1.820808642,35.5860958,0.44496639,381.4938176,8.465704894,10.32,2574.4,78058.9,3928.1,2141,50530.1,2228.1
7/1/2012,2.490784071,159.1778919,400.3147143,1.320647841,-0.618974201,26.35164524,130.1331325,69.129329,0.66846117,0.265669436,2.086634785,39.47398111,0.491552829,400.3161257,8.819351122,10.3,2574.4,78056.2,3924.9,2096.7,49877.6,2228.1
6/1/2012,2.30372942,130.147235,347.7600657,1.277480312,-0.506740583,26.48078962,107.6849766,65.140085,0.66350165,0.253147093,1.840185569,42.53678192,0.507993744,347.7591723,11.96678882,10.13,2574.4,78056.2,3912.9,1992.3,49268.7,2228.1
5/1/2012,2.199290397,114.9296885,323.5992459,1.303995499,-0.370777604,28.42628542,99.62529414,62.081445,0.651820343,0.244059433,1.526709067,44.90953934,0.445155421,323.5977782,12.5348126,9.64,2556.4,78056.2,3908.5,1857.6,48767.9,2128.1
4/1/2012,2.03293735,95.28430025,283.1818202,1.248299254,-0.265273393,26.11463973,87.74803646,55.870931,0.601494366,0.254327359,1.286538873,42.40254166,0.304907379,283.1828966,12.70175794,9.47,2526.5,78060.7,3905.3,1659.1,48368,2128.1
3/1/2012,2.245902019,104.4104219,296.4979381,1.285149484,-0.280700524,25.67026332,85.00098422,61.728613,0.629981406,0.261003016,1.30379512,43.44278765,0.221340423,296.4968858,14.0201324,9.52,2527.4,78060.7,3902.8,1588.2,48061.6,2128.1
2/1/2012,2.161997548,112.7736192,296.790212,1.193329497,-0.236659683,20.04144165,83.30786903,63.847023,0.599230932,0.255979491,1.672214887,34.57106312,0.129101742,296.79034,11.04519269,9.58,2477.5,78053.9,3876.7,1580.1,47876.6,2135.6
1/1/2012,2.324611214,127.8735022,326.1864457,1.263252208,-0.34846486,22.82952335,83.1222645,72.381186,0.630161059,0.262923926,2.132045338,40.13134141,0.091176524,326.1849596,13.62277811,9.61,2465.5,78035.7,3865.4,1547.6,46844.4,2135.6
12/1/2011,2.414083807,131.6856714,322.2247102,1.324394823,-0.50871899,23.55218776,78.19321823,71.837372,0.688931836,0.246711174,2.02495203,38.05657265,0.116662231,322.2247103,10.64924404,9.53,2409.2,77721.4,3754.9,1465,45647,2027.9
11/1/2011,2.202511411,120.3228528,291.6393681,1.271218472,-0.457754026,20.53263886,68.26227849,64.47388,0.63758147,0.22747467,1.632438288,36.54061632,0.103048774,291.639368,12.43119881,9.58,2412.5,77711.8,3739.9,1238,44089.3,2027.9
10/1/2011,2.161568563,125.4416821,296.675513,1.280628264,-0.600542023,19.65952612,71.96216775,63.33697,0.628744496,0.240408921,1.894066493,33.7720152,0.151199512,296.675513,10.51909274,9.83,2412.5,77701,3734.5,1134.9,43397.1,2027.9
9/1/2011,2.235403128,139.6483626,325.1125962,1.225547206,-0.583391793,21.25403919,84.29959511,66.848854,0.617446879,0.252309392,2.271615838,31.75780423,0.17731508,325.1125963,6.865499626,10.29,2412.5,77716.1,3710.1,1113,42970.6,2063.9
8/1/2011,2.445436446,169.7983857,392.4411985,1.274631642,-0.692328495,25.66596794,111.5395338,71.338566,0.669362402,0.264028756,2.449306525,37.07434389,0.217653241,392.4411986,7.470654625,10.49,2412.1,77716.1,3714,1035.2,42880.9,2013.9
7/1/2011,2.461264622,175.1292317,404.801734,1.269039625,-0.707662078,31.17314796,111.5022103,72.34485,0.695373023,0.262144589,3.00588715,42.56969923,0.180582477,404.8017339,7.48566455,10.47,2410.9,77716.1,3714,919.6,42703.4,2013.9
6/1/2011,2.300391154,156.7161502,354.9287046,1.214562337,-0.567087796,31.99872287,83.42613251,65.270134,0.680954516,0.259168201,2.438455105,46.70479794,0.210369467,354.9287047,10.98075211,10.26,2410.9,77710.8,3704.5,907.3,42343.4,2013.9
5/1/2011,2.055509135,135.8203628,311.4025036,1.317547649,-0.416907944,32.38610072,68.17463875,57.012914,0.64475901,0.241533355,2.218092826,47.70711083,0.180639492,311.4025036,11.76731383,9.78,2410.9,77700.5,3698.4,878.2,42189.4,2013.9
4/1/2011,1.956111839,123.2717191,290.5192982,1.239063469,-0.465588807,31.00771491,63.25672641,54.547338,0.633772711,0.243614182,2.257014552,46.77470204,0.155268226,290.5192982,12.4165436,9.54,2410.9,77697.5,3686.6,870,41797.8,2013.9
3/1/2011,2.196330323,133.5835539,306.808038,1.337484212,-0.348691857,30.94453309,59.36171457,65.661598,0.63765457,0.251556751,2.525728524,45.1349236,0.116352904,306.808038,10.54022307,9.55,2410.9,77679.3,3686.7,861.3,41506.8,2013.9
2/1/2011,2.065769123,137.0823322,301.6318777,1.215005787,-0.41264867,23.96966341,59.37982251,64.789078,0.551934384,0.207304894,2.255239772,37.77881466,0.080874679,301.6318778,10.44750166,9.56,2410.9,77679.3,3677.9,842.3,40832.2,2013.9
1/1/2011,2.227738933,169.3904278,350.0006665,1.346944514,-0.659193521,25.38627925,66.93233733,72.742813,0.576585937,0.242869513,3.229362265,37.54546416,0.037316941,350.0006665,8.547184524,9.48,2409.6,77679.3,3670.5,842.3,40129.3,2013.9
12/1/2010,2.461395227,165.4936618,348.5486352,1.329836897,-0.529847,23.02414333,69.87483277,73.683304,0.601388777,0.207675554,3.301781194,35.91583804,0.042829507,348.5486351,9.057633078,9.52,2404.6,78101.3,3707.8,857.8,39121.4,2081.6
11/1/2010,2.346253697,133.8153642,293.8333692,1.252330322,-0.466993,19.42559303,62.30547859,62.655206,0.57955439,0.218910343,1.879482869,32.84636579,0.07634052,293.8333692,9.745848213,9.55,2392.1,78101.3,3710.7,755.5,37326.6,2092.6
10/1/2010,2.216747271,130.6626557,295.6460441,1.221999801,-0.4377,17.56147788,70.87625849,62.750833,0.569338505,0.170250589,2.037047657,29.01736009,0.074936799,295.646044,7.942198336,9.81,2392.1,78101.3,3693.9,730.9,36918,2092.6
9/1/2010,2.338144126,147.1572175,333.0574401,1.252569228,-0.421284,17.18755195,85.49776544,69.371195,0.584517822,0.240391539,2.608186304,28.01945056,0.136866653,333.0574401,7.104318604,10.17,2392.1,78098.3,3685.3,716,36367.8,2092.6
8/1/2010,2.487223124,175.8484739,394.6507433,1.296911976,-0.600278,20.01936459,112.9609407,71.574103,0.599390485,0.248971379,3.375315687,30.6438261,0.155549909,394.6507432,6.684776507,10.4,2392.1,78098.3,3676.4,689.6,36139.8,2092.6
7/1/2010,2.479649881,177.7779321,396.1954076,1.273616206,-0.557093,24.40517454,106.960747,71.913468,0.592006656,0.267155912,4.199305531,35.04188551,0.160516693,396.1954077,6.72292819,10.46,2392.1,78098.3,3676.4,682.4,35589.8,2092.6
6/1/2010,2.364252888,163.9121064,362.9849706,1.263675539,-0.471738,29.71067105,85.0332881,68.30132156,0.591602956,0.264579393,3.792107471,41.56170286,0.175106913,362.9849707,8.047996463,10.18,2392.1,78098.3,3667.2,682.4,35586.1,2092.6
5/1/2010,2.189145334,141.6692493,315.6556797,1.310548377,-0.440745,24.90321183,66.86213336,66.658365,0.574388725,0.27911847,2.801330195,37.25183948,0.152909622,315.6556796,8.696024315,9.72,2392.1,78097.7,3664.6,668.7,35515.8,2092.6
4/1/2010,2.170977631,125.61464,276.1212738,1.240251126,-0.335277,18.89849044,58.1235041,57.611073,0.540768743,0.27297193,2.108936349,32.18465674,0.112092931,276.1212738,9.762844612,9.53,2392.1,78097.7,3652.2,666.7,35349,2092.6
3/1/2010,2.330280672,142.664919,299.5707779,1.306596193,-0.324588,20.69072699,56.49168139,64.634721,0.539278835,0.274752982,2.29900575,32.99100693,0.075857719,299.5707779,8.587545358,9.48,2392.1,78081.7,3649.6,625.9,35250,2092.6
2/1/2010,2.133028494,151.4610951,307.9935726,1.159037525,-0.350643,20.42112161,59.55586984,65.24537,0.492067023,0.247281973,2.165583612,29.17694796,0.032765699,307.9935725,5.430994636,9.47,2392.1,78081.7,3641.3,624.8,34872.5,2092.6
1/1/2010,2.304973965,171.6602297,348.1281233,1.31183993,-0.564946,22.207396,66.84691632,72.569341,0.543405538,0.275418667,4.110642048,32.68711611,0.009838354,348.1281234,6.853067862,9.28,2392.1,78081.1,3630.8,624.8,34758.8,2092.6
12/1/2009,2.392013284,165.1460833,,1.367900139,-0.383487,24.54760825,64.36707041,70.710218,,0.268640741,2.189912479,35.23477039,0.021207959,,6.906040759,9.4,2381.9,78159.3,3727.6,617.4,34294.6,1888.7
11/1/2009,2.21123797,135.6439056,,1.273264514,-0.32953,20.86487258,56.73461075,59.069208,,0.255735906,1.846264898,31.26493734,0.04040058,,6.875161698,9.34,2381.9,78162.3,3738,579.3,32581.9,1892.8
10/1/2009,2.139990975,138.6670598,,1.221078966,-0.385127,19.55209029,65.85237547,58.020927,,0.279764281,2.33980454,29.79486631,0.068097862,,6.813608221,9.7,2342.9,78162.3,3733.2,578.3,32204.9,1892.8
9/1/2009,2.192719938,135.9497985,,1.216782576,-0.348039,17.26264258,84.94206617,65.751794,,0.297751838,2.6066737,25.417827,0.094989676,,4.650692225,10.09,2278.9,78162.3,3731.6,552.5,30983.8,1892.8
8/1/2009,2.416587198,161.9165451,,1.251218534,-0.612532,19.44356746,101.6358278,72.244597,,0.277980573,3.390510009,28.69211799,0.116284953,,5.464459842,10.27,2278.9,78148,3725.2,550.3,30029.8,1892.8
7/1/2009,2.393656149,156.9431117,,1.255399758,-0.49131,23.24294856,94.48731177,72.948979,,0.288219072,3.110771781,31.96811736,0.121182406,,4.954930483,10.28,2278.9,78148,3716.4,548,29478.5,1892.8
6/1/2009,2.285740038,146.8449795,,1.208798975,-0.22641,29.0554613,77.59112566,69.734736,,0.252839384,2.993507495,38.25281478,0.103407487,,5.599406978,10.13,2278.9,78148,3601.6,544.8,29268.1,1892.8
5/1/2009,2.071964103,130.5267544,,1.235186226,-0.348823,29.36408818,62.12522378,65.395452,,0.233620877,2.964666496,39.04360156,0.11041933,,6.261943716,9.77,2278.9,78148,3580.3,544.8,28843.8,1872.6
4/1/2009,2.055570768,124.8027737,,1.222103957,-0.272198,25.57006637,55.30072085,59.408407,,0.231109979,2.55720637,36.40482638,0.099411282,,7.457674001,9.57,2278.9,78148,3557,539.6,28575.5,1872.6
3/1/2009,2.205531429,134.3137576,,1.30033544,-0.314985,21.62395694,61.83678869,67.240567,,0.239752842,3.076895798,32.30696958,0.07810315,,7.099042621,9.64,2278.9,78140.5,3551.6,539.6,27684.5,1872.6
2/1/2009,2.081004971,139.742743,,1.167778925,-0.413424,17.66209692,56.16392586,64.227211,,0.212652424,2.998895536,26.79347453,0.030442271,,5.852151442,9.78,2218.3,78139.4,3535.2,538.7,27112.4,1872.6
1/1/2009,2.245742257,170.6255127,,1.28880999,-0.50148,23.31649362,59.96860419,74.102489,,0.219737817,5.735915818,32.80904756,0.007189866,,5.95081182,9.68,2218.3,78138.1,3528.9,535.7,26142.4,1872.6
12/1/2008,2.261184511,166.5120921,,1.26101304,-0.497946,20.69568568,58.16627772,72.931328,,0.224003932,4.049689623,30.85246771,0.018685937,,6.615898541,9.53,2228.8,77574.5,3645,534.5,24651.3,1846.1
11/1/2008,2.163895481,153.0161897,,1.233291764,-0.489183,15.54590284,55.48155349,63.408145,,0.171811525,3.104537018,23.96558081,0.028845082,,4.993645641,9.67,2228.8,77574.9,3616.8,515.1,21804,1846.1
10/1/2008,2.08817016,150.4636097,,1.27685526,-0.496943,15.37175283,66.62354805,62.820353,,0.221199109,3.030362262,23.55341714,0.060237955,,4.756400938,9.94,2228.8,77574.9,3612,509.9,21481.5,1846.1
9/1/2008,2.140246343,159.9330767,,1.233686986,-0.517254,16.08054336,73.27023664,67.053867,,0.192971841,3.888300648,22.65851676,0.092588249,,3.11145182,10.27,2228.8,77571.9,3598.8,508.7,20679.9,1846.1
8/1/2008,2.30743492,179.0815036,,1.272714746,-0.647864,21.11117123,92.02528396,72.617066,,0.315726955,3.553727906,28.06099926,0.105272222,,3.264406145,10.59,2228.8,77571.9,3598.8,506.8,20200.6,1846.1
7/1/2008,2.371784128,185.2083072,,1.278754281,-0.79908,25.42854381,92.53420412,74.31827,,0.342352118,3.904348399,33.1983505,0.110867695,,4.008400587,10.65,2228.8,77570.9,3587.4,505.8,19929,1835.6
6/1/2008,2.192094006,169.6000942,,1.260301952,-0.371618,29.04335229,77.68489438,70.319366,,0.324926241,4.676269161,37.76427628,0.128151624,,5.140376404,10.27,2228.8,77570.9,3580.9,505.8,19402.9,1835.6
5/1/2008,2.035498176,153.4726597,,1.258915359,-0.586857,27.04578691,55.66450811,64.825901,,0.312022152,3.154703845,35.77921934,0.098734976,,5.340283923,9.47,2228.8,77570.9,3578.9,505.8,19308.9,1809.6
4/1/2008,2.05589485,145.5866209,,1.218121297,-0.1317,22.05035489,56.76507361,57.332716,,0.28043125,3.141496254,30.64378514,0.094132071,,5.225282032,9.22,2228.8,77592.9,3577.5,504.1,18689.9,1799.1
3/1/2008,2.170335176,159.283729,,1.250800951,-0.552974,21.48468104,55.49944171,64.716468,,0.274090361,2.85592679,29.76242986,0.074592744,,4.782019948,9.03,2228.8,77588.9,3574.1,504.1,18133.7,1799.1
2/1/2008,2.041108979,165.3430036,,1.08668291,-0.451129,18.62674778,53.45981268,65.130385,,0.247145723,3.376784574,25.64212664,0.035838272,,3.851748695,8.9,2228.8,77584.1,3563,504.1,17769.7,1799.1
1/1/2008,2.188733557,181.3366958,,1.208838014,-0.745514,20.61101638,65.19667649,70.73457,,0.293021807,4.145073088,28.29806112,0.016287773,,4.273185396,8.92,2213,77584.1,3541.8,504.1,17296.8,1799.1
12/1/2007,2.179880766,172.3614969,,1.265909324,-0.565382,18.1798676,59.87155098,71.982726,,0.336784217,3.863941296,25.12129115,0.005401572,,3.490231883,8.91,2214.2,77523.3,3539.8,500.5,16515.1,1694.3
11/1/2007,2.106960578,157.9356001,,1.210973035,-0.661727,15.55425661,54.03142366,64.899278,,0.331721701,2.835108887,21.99152835,0.024301706,,3.095036426,8.94,2204.2,77527.3,3527.8,486.8,14995.3,1694.3
10/1/2007,2.09566898,160.6961388,,1.264546245,-0.760235,14.69609597,71.32058651,61.689542,,0.37888107,4.446107109,21.48208417,0.049232686,,3.376540283,9.17,2204.2,77527.3,3527.8,481.6,13500.8,1694.3
9/1/2007,2.125402208,167.8884052,,1.21772635,-0.743432,14.66591874,81.510923,67.578578,,0.321514621,4.650261266,20.9439811,0.068212251,,2.866721548,9.43,2204.2,77527.3,3502.5,476.2,13172.2,1694.3
8/1/2007,2.215547763,188.5161177,,1.254577567,-0.650678,19.86468176,113.3948408,72.75091,,0.340802132,6.815204059,26.1093352,0.075163423,,2.699364687,9.68,2204.2,77527.3,3499,476.2,12972.7,1694.3
7/1/2007,2.186943731,183.4834722,,1.250382425,-0.594694,22.38710095,90.1568909,72.738535,,0.338932349,5.141653139,28.06859247,0.085792931,,2.158372435,9.64,2204.2,77519.5,3470,476.2,12832.3,1694.3
6/1/2007,2.09694452,171.993816,,1.238178055,-0.522707,22.69027324,74.88770722,68.923074,,0.330827821,5.417057587,28.73027055,0.084458283,,2.62041645,9.45,2204.2,77519.5,3471.2,476.2,12515.2,1694.3
5/1/2007,1.957861203,155.9913399,,1.154707877,-0.546955,25.86736862,59.99115352,65.024555,,0.315915593,4.474644987,32.01647009,0.084191763,,2.952340632,8.96,2204.2,77519.5,3464.8,412.2,12257.5,1694.3
4/1/2007,1.808520169,144.7988937,,1.157975149,-0.373845,23.69438964,54.12627396,57.301424,,0.314895683,4.673212968,29.88705244,0.054464342,,3.171703149,8.82,2204.2,77519.5,3404.4,412.2,11710.3,1694.3
3/1/2007,2.020540468,158.2730442,,1.204129672,-0.45817,23.96934766,50.02556364,64.305153,,0.344549408,4.988034912,30.28959817,0.048487946,,3.047092427,8.8,2192.3,77519.5,3406,412.2,11689.3,1694.3
2/1/2007,1.882344767,162.1991732,,1.122489986,-0.446964,18.4199899,51.62642008,65.224794,,0.312291372,8.427406083,23.96386195,0.019244448,,2.519792849,8.74,2185.8,77519.5,3408.1,412.2,11423.3,1694.3
1/1/2007,2.32897684,174.252799,,1.295617307,-0.571563,25.85342335,53.80856971,74.006184,,0.375014953,5.573683073,31.94317378,0.01284165,,2.452314635,8.71,2185.8,77519.5,3404.6,412.2,11423.3,1694.3
12/1/2006,2.09251799,171.8100422,,1.290051957,-0.667323,21.32014826,49.08036623,70.489681,,0.339983197,4.122143381,27.17712107,0.002713279,,2.471689583,8.55,2294.78,77363.87,3338.69,411.1,11350.75,1703.54
11/1/2006,2.025458839,157.8172904,,1.207438437,-0.552544,19.90337513,46.94993428,61.392321,,0.331083012,4.393660834,25.69244753,0.015686478,,2.540488643,8.63,2294.78,77363.87,3326.89,411.1,10410.45,1703.54
10/1/2006,2.000248887,159.6741265,,1.275226754,-0.506995,16.77358083,63.53232564,57.509306,,0.330610043,4.595536884,22.5234698,0.032283456,,2.442129875,8.89,2294.78,77363.87,3326.89,411.1,10400.45,1703.54
9/1/2006,2.005234691,159.8991872,,1.219458362,-0.62894,16.99649119,65.91572183,66.642327,,0.334577841,4.289518433,22.15431824,0.053990222,,1.879143777,9.32,2294.78,77363.87,3319.09,411.1,10000.95,1703.54
8/1/2006,2.185618069,187.5763355,,1.288959012,-0.694881,21.54568703,98.90540271,72.016095,,0.411916887,7.970018004,26.75844416,0.082993164,,1.655186882,9.58,2294.78,77363.87,3313.79,411.1,10000.95,1703.54
7/1/2006,2.135558398,185.9512086,,1.261352429,-0.637767,25.21649804,100.4689825,72.186494,,0.378479703,6.648414304,30.63012901,0.061655906,,1.955064231,9.55,2294.78,77363.87,3312.99,411.1,10000.95,1703.54
6/1/2006,1.9957114,167.906785,,1.199176805,-0.423163,29.57110289,74.18397284,68.391472,,0.374523991,5.427763743,34.8874588,0.069702073,,2.051765633,9.3,2294.78,77363.87,3312.99,411.1,9999.7,1703.54
5/1/2006,1.9302571,155.2900281,,1.095602042,-0.444378,30.62768557,58.63486865,62.775701,,0.414466332,4.075000234,36.18296243,0.070735121,,2.458682596,8.71,2271.28,77363.07,3311.39,411.1,9420.2,1703.54
4/1/2006,1.738707194,139.7299577,,1.129089202,-0.587331,28.36099046,50.0499009,57.567204,,0.343650918,4.348614354,33.75262342,0.052074317,,2.471762246,8.56,2271.28,77363.07,3303.59,411.1,9241.8,1703.54
3/1/2006,2.085725392,159.5889625,,1.261290071,-0.435173,24.40202984,48.45268343,63.720849,,0.348749257,3.622570051,30.14108089,0.033403853,,2.358631735,8.44,2271.28,77363.07,3282.79,411.1,9027.2,1703.54
2/1/2006,1.95669892,157.0150462,,1.110817091,-0.446518,24.46927063,41.29356722,62.615654,,0.302383077,4.525105696,29.47827792,0.019532836,,1.921958439,8.49,2271.28,77363.07,3277.99,411.1,8983.2,1703.54
1/1/2006,2.1171758,167.4781757,,1.229566839,-0.532829,27.06706246,36.9491465,71.911532,,0.343103385,5.68989119,32.80937375,0.012935296,,2.38263335,8.31,2271.28,77363.07,3259.59,411.1,8800.4,1703.54
12/1/2005,2.090524509,176.1348041,,1.25687987,-0.67817506,21.84540847,47.80234952,71.735067,,0.345469235,12.51830725,27.02342015,0.002793421,,1.827813885,8.14,2297.1,77112.83,3211.83,411.1,8719.17,1664.82
11/1/2005,1.956826517,157.0910522,,1.219610365,-0.554209502,19.12436596,43.98755779,62.912709,,0.30469339,6.445689143,23.92324952,0.012755203,,1.60969148,8.17,2297.1,77110.93,3211.03,410.1,7503.17,1664.82
10/1/2005,1.879053674,160.7313949,,1.2472035,-0.611209583,17.78124882,50.86546659,61.235597,,0.311686499,9.728023693,22.39136097,0.037665146,,1.446189824,8.33,2269.1,77110.93,3211.03,410.1,7252.67,1664.82
9/1/2005,1.992532669,169.922065,,1.222659363,-0.680143663,17.14317422,67.09338383,66.738979,,0.290055103,11.85729781,21.88782091,0.061107701,,1.468346958,8.63,2269.1,77108.33,3211.03,410.1,7193.27,1664.82
8/1/2005,2.133127464,185.7299557,,1.253785014,-0.623097095,21.34296326,92.87673993,71.38155,,0.288917135,14.02761734,25.94375274,0.075845479,,1.13803152,8.68,2269.1,77108.33,3211.03,410.1,7008.27,1664.82
7/1/2005,2.148449167,184.2129482,,1.272697352,-0.624662483,25.66207986,88.97682686,71.070011,,0.298773798,12.49099323,30.57649722,0.072329014,,1.420941831,8.57,2269.1,77108.33,3205.03,410.1,7008.27,1664.82
6/1/2005,1.976647097,173.1472144,,1.248056056,-0.414614904,26.48008078,68.53196526,66.144275,,0.300762721,10.35958543,31.59018452,0.088476247,,1.796924345,8.35,2269.1,77108.33,3203.23,410.1,6933.27,1664.82
5/1/2005,1.932144787,152.345331,,1.264308486,-0.466254151,27.00346243,48.41205139,62.970464,,0.327788204,6.322758,32.02749797,0.081152713,,1.746429552,7.82,2269.1,77089.63,3203.23,410.1,6933.27,1664.82
4/1/2005,1.757558212,141.460358,,1.187134481,-0.33753828,22.77114031,45.94259074,55.48401,,0.328152051,6.485738372,27.47159995,0.05826325,,1.697503701,7.62,2269.1,77089.63,3200.83,410.1,6905.62,1664.82
3/1/2005,1.987436515,161.8630218,,1.204252341,-0.496888571,22.63235047,45.46989474,61.53853,,0.378351365,7.872840027,27.42282206,0.038157085,,1.560625649,7.55,2269.1,77089.63,3200.83,410.1,6799.12,1664.82
2/1/2005,1.78135806,154.1682112,,1.063014168,-0.345607634,21.33131691,38.99152967,60.946934,,0.300454882,6.845047421,25.15525246,0.013081541,,0.966481778,7.53,2269.1,77089.63,3200.83,410.1,6682.62,1664.82
1/1/2005,1.965311864,175.2475217,,1.252144205,-0.725387074,23.9221859,44.87856812,69.828239,,0.302051866,11.5279559,28.279878,0.00866754,,1.131568495,7.41,2269.1,77082.83,3200.83,410.1,6580.62,1664.82
12/1/2004,2.01767949,174.9421817,,1.256008568,-0.649768,25.79737878,44.20636244,68.616627,,0.290024147,9.400145191,30.25083328,0.007757764,,1.172008674,7.36,2163.88,77196.86,3173.6,398.1,6463.7,1623.69
11/1/2004,1.860587812,155.7667309,,1.212012881,-0.664846,20.58064897,43.15260155,58.940863,,0.305557281,6.42765852,24.60079423,0.015341566,,0.932202996,7.42,2163.88,77136.86,3173.6,398.1,6139.55,1623.69
10/1/2004,1.893555263,155.9037781,,1.276349102,-0.703186,18.56434318,50.71580064,62.530352,,0.285771693,7.27096459,22.79664135,0.033521088,,1.028872719,7.6,2163.88,77136.86,3173.6,398.1,6137.75,1623.69
9/1/2004,1.879666808,162.5930988,,1.188383331,-0.769637,20.2064607,60.91206592,65.932057,,0.31382436,8.266733461,24.42475775,0.06063169,,1.089615225,7.97,2163.88,77136.86,3173.6,398.1,6137.75,1623.69
8/1/2004,2.003757298,176.3725289,,1.257162707,-0.817999,21.36417428,70.52152756,71.068483,,0.292727342,10.58517967,25.74865913,0.072846,,1.050718845,8.18,2163.88,77136.86,3173.6,398.1,6137.75,1623.69
7/1/2004,2.013684253,179.5999979,,1.27753072,-0.693449,23.11261151,71.76017545,71.97504,,0.325238351,11.54097218,27.65029909,0.082102529,,1.164370085,8.11,2163.88,77136.86,3173.6,398.1,6137.75,1623.69
6/1/2004,1.837325176,165.8421027,,1.22470242,-0.718404,25.05175847,57.73238769,67.734073,,0.308112483,10.32821217,29.59886781,0.087876,,1.397205744,7.93,2163.88,77135.96,3172.2,398.1,6127.75,1623.69
5/1/2004,1.858293751,155.2875383,,1.207536316,-0.688911,23.81074662,54.94833498,64.917412,,0.322218333,9.755292931,28.6600039,0.081775734,,1.701651476,7.46,2163.88,77131.66,3172.2,398.1,6127.75,1623.69
4/1/2004,1.781645284,139.830581,,1.161384156,-0.66889,20.67004618,45.31373512,58.620255,,0.310720549,8.566969894,24.9648343,0.056901889,,1.294856796,7.34,2163.88,77131.66,3172.2,398.1,6124.75,1623.69
3/1/2004,1.907876061,152.5514215,,1.241004139,-0.653318,22.62866485,43.02177093,63.285116,,0.286938501,9.200140781,27.1216985,0.052929448,,1.291224001,7.3,2163.88,77131.66,3168.46,398.1,6124.75,1623.69
2/1/2004,1.831662192,159.7829002,,1.214123453,-0.691561,20.6264883,43.66099616,64.101949,,0.276579799,8.801184381,24.70470464,0.010861727,,1.021568968,7.25,2163.88,77131.66,3168.46,398.1,6124.75,1623.69
1/1/2004,1.912458069,178.7148507,,1.294776747,-0.768241,22.65052658,41.22586169,70.80616,,0.250519854,14.5348525,26.86981617,0.012609566,,0.999445206,7.22,2163.88,77128.16,3168.46,398.1,6119.25,1623.69
12/1/2003,2.061122775,174.4176439,,1.267837431,-0.660749,23.56755318,37.40338671,68.611699,,0.204963058,9.19254076,28.00564577,0.004251,,1.104881386,7.14,2135.25,77901.2,3378.78,397.3,6001.79,1586.33
11/1/2003,1.920922848,156.5361974,,1.151236891,-0.695409,19.36288749,38.9421014,59.60002,,0.209828791,6.080394101,23.41051048,0.014031,,0.961432245,7.19,2135.25,77901.2,3368.08,397.3,5159.82,1586.33
10/1/2003,1.899940911,157.5775682,,1.1954512,-0.61506,18.09299575,45.02238454,60.016207,,0.180905768,8.118787134,22.12098475,0.035436,,0.89716089,7.39,2135.25,77901.2,3365.68,397.3,5105.42,1586.33
9/1/2003,1.941993369,163.243213,,1.20349783,-0.769142,18.14374754,52.1776041,63.583645,,0.204509009,8.222074724,22.24015011,0.055857,,0.895054372,7.61,2135.25,77901.2,3365.68,397.3,4829.32,1586.33
8/1/2003,2.09915558,183.4692563,,1.219446742,-0.805987,22.59695223,75.77288983,69.023878,,0.203356864,11.98496352,26.79297595,0.061992,,0.815429395,7.97,2135.25,77901.2,3365.68,397.3,4621.32,1586.33
7/1/2003,2.110985163,180.0058228,,1.227968747,-0.74514,24.47235121,69.62329864,69.652754,,0.212115769,11.68152496,28.82710792,0.062407,,0.953395801,8.02,2135.25,77901.2,3358.68,397.3,4619.32,1586.33
6/1/2003,1.875033029,160.5588423,,1.222791086,-0.762338,28.21714556,47.55434292,64.180727,,0.204767043,10.5125383,32.45279604,0.090682,,1.047144366,7.78,2135.25,77901.2,3356.54,397.3,4473.52,1586.33
5/1/2003,1.814147716,148.5739966,,1.168695421,-0.596848,29.00285959,42.53634673,62.20196,,0.251206169,7.602584351,33.06004798,0.067962,,1.006383261,7.42,2135.25,77901.2,3353.2,397.3,4473.52,1586.33
4/1/2003,1.869640617,140.3688363,,1.166455212,-0.545625,24.51234029,38.72514347,56.775591,,0.243335536,8.152092897,28.70151133,0.060309,,1.092766211,7.27,2135.25,77901.2,3353.2,397.3,4471.92,1586.33
3/1/2003,1.947939741,153.3229561,,1.212859282,-0.777512,23.83013277,39.95913688,59.933261,,0.228992347,9.746796005,28.07706313,0.05002709,,1.036104251,7.16,2135.25,77901.2,3351.93,397.3,4471.92,1586.33
2/1/2003,1.775423358,155.2832885,,1.13035175,-0.758887,19.47393859,37.04055296,60.941869,,0.237334098,10.31261349,23.14291921,0.01783027,,0.745375249,7.05,2135.25,77901.2,3335.53,397.3,4469.92,1582.93
1/1/2003,2.019005178,179.3562047,,1.257639503,-0.802368,20.23875512,42.54620336,69.211084,,0.265778938,12.09028716,24.16095637,0.01321701,,0.632339562,7,2135.25,77901.2,3335.53,397.3,4467.92,1582.93
12/1/2002,1.910682261,170.2306327,,1.236390579,-0.679519911,21.13806113,39.48379355,68.905472,,0.185769732,7.620293915,,,,0.755194463,6.96,2254.25,78297.34,3339.3,396.9,4416.64,1570.71
11/1/2002,1.802722641,154.1717459,,1.189364371,-0.666344067,19.28165211,38.73661859,61.520324,,0.164627422,5.816874773,,,,0.655946419,6.94,2254.25,78297.34,3338.5,396.9,4244.24,1570.71
10/1/2002,1.800214596,157.1948141,,1.235075524,-0.6809981,16.82769158,47.93171799,60.493052,,0.170689233,7.690442313,,,,0.734355108,7.2,2254.25,78297.34,3334.3,396.9,4132.24,1570.71
9/1/2002,1.920381875,163.4970941,,1.195081494,-0.776518065,16.83883465,61.38109009,64.48079,,0.181045526,7.702867616,,,,0.735828479,7.36,2254.25,78297.34,3331.7,396.9,4026.14,1570.71
8/1/2002,1.990350736,177.9619214,,1.227097039,-0.934629546,20.80582964,76.93596988,70.777688,,0.201698017,9.349811457,,,,0.976691474,7.58,2254.25,78297.34,3329.3,396.9,3974.14,1570.71
7/1/2002,2.004879625,181.0012672,,1.262246344,-0.997855366,25.19610429,76.39091381,70.420827,,0.19784703,9.503931721,,,,0.890454909,7.68,2254.25,78276.34,3329.3,396.9,3974.14,1570.71
6/1/2002,1.889006455,162.7362592,,1.15079916,-0.863077488,27.9571174,58.68629431,66.371896,,0.140379585,7.427937887,,,,1.126315348,7.45,2254.2,78276.34,3325.2,396.9,3974.14,1570.71
5/1/2002,1.791246864,149.6462263,,1.215874141,-0.538788249,26.37503874,43.20038035,63.032192,,0.128365976,7.766518695,,,,1.077640938,7.11,2254.2,78276.34,3324.2,396.9,3944.14,1570.71
4/1/2002,1.678803269,140.4979909,,1.114735173,-0.584771578,23.92924851,42.70053324,58.437062,,0.130858656,7.463228708,,,,1.024416954,6.95,2254.2,78276.34,3324.2,396.9,3918.94,1570.71
3/1/2002,1.869646047,149.7240271,,1.244968398,-0.684133104,20.73174426,43.87536951,63.040647,,0.160471623,7.826112406,,,,0.852101674,6.95,2254.2,78276.34,3321,396.9,3918.94,1570.71
2/1/2002,1.607039068,141.4298828,,1.132194965,-0.586187663,19.91173484,37.53311881,61.658274,,0.106793781,5.30040491,,,,0.713931685,6.97,2254.2,78276.34,3316.2,396.9,3918.94,1570.71
1/1/2002,1.889374366,162.5209514,,1.287482703,-0.750104863,21.4983305,40.82744539,70.925863,,0.201305077,6.264842524,,,,0.811401993,6.95,2254.2,78276.34,3316.2,396.9,3918.94,1570.71
12/1/2001,1.798390312,155.7114876,,1.190232254,-0.622574,19.07595642,40.14714325,67.430878,,0.059627914,6.081875587,,,,0.615659138,7.03,2217.01,77844.57,3267.07,391.6,3893.64,1648.1
11/1/2001,1.70246674,142.4727218,,1.157170806,-0.810802,15.21131209,37.49380064,62.341711,,0.046010035,5.52016707,,,,0.470448004,7.02,2217.01,77844.57,3262.87,391.6,3488.2,1648.1
10/1/2001,1.708049945,147.2183384,,1.161725909,-0.615247,15.02443955,49.14715716,60.460967,,0.044010952,6.081117258,,,,0.606829632,7.43,2217.01,77838.97,3262.87,391.6,3364.6,1648.1
9/1/2001,1.765402297,152.4498524,,1.139009865,-0.928405,15.00941921,53.01171011,63.378451,,0.04739387,6.925826156,,,,0.490231037,7.62,2217.01,77838.97,3262.87,391.6,3189.6,1648.1
8/1/2001,1.920940189,181.0525005,,1.16723864,-0.714613,18.59290331,70.69336212,68.389496,,0.057180459,13.77051916,,,,0.577207183,7.84,2217.01,77838.97,3243.12,391.6,3188.9,1648.1
7/1/2001,1.899598054,177.1415927,,1.178534338,-0.870786,17.83200897,65.5458604,69.16604,,0.058827882,10.58748083,,,,0.634990812,7.87,2217.01,77838.97,3241.12,391.6,3188.3,1648.1
6/1/2001,1.855208224,160.8878981,,1.087828858,-0.77365,20.42963418,50.85442196,68.023098,,0.051089415,11.41290682,,,,0.669634887,7.58,2217.01,77838.97,3241.12,391.6,2856.1,1648.1
5/1/2001,1.744683133,150.0432372,,1.071381905,-0.622526,18.87519393,44.2833214,61.512445,,0.050531594,9.933711387,,,,0.635029146,7.17,2217.01,77829.97,3236.22,391.4,2502.2,1648.1
4/1/2001,1.657999046,139.0337644,,1.094989526,-0.795915,17.72277762,39.41309552,56.003026,,0.043303159,10.41599567,,,,0.684693769,7.02,2217.01,77826.97,3236.22,391.4,2419.7,1648.1
3/1/2001,1.746259706,153.4520646,,1.190021674,-0.773345,20.13266005,37.45299003,62.140712,,0.045323264,11.20669951,,,,0.532119871,7.01,2217.01,77826.97,3236.22,391.4,2419.7,1648.1
2/1/2001,1.608151161,148.0592419,,1.073044349,-0.706956,17.2315649,31.63607938,61.272407,,0.042181341,9.816607841,,,,0.431242685,6.87,2217.01,77826.97,3236.22,391.4,2419.7,1648.1
1/1/2001,1.831071962,175.3034423,,1.229324991,-0.588626,18.61142516,35.26074065,68.707077,,0.040310821,17.39598112,,,,0.38925122,6.75,2217.01,77826.97,3227.52,391.4,2405.1,1648.1
